"Level","Certificate Name"
"2","PASS M0x (M00, M0, M0s 245 kV)"
"3","PASS M0x (M00, M0, M0s 245 kV)"
"3A","PASS M0x (M00, M0, M0s 245 kV)"
"4","PASS M0x (M00, M0, M0s 245 kV)"
"4A","PASS M0x (M00, M0, M0s 245 kV)"
"2","PASS M0s 420 kV"
"3","PASS M0s 420 kV"
"3A","PASS M0s 420 kV"
"4","PASS M0s 420 kV"
"4A","PASS M0s 420 kV"
"2","PASS MD 1.4"
"3","PASS MD 1.4"
"3A","PASS MD 1.4"
"4","PASS MD 1.4"
"4A","PASS MD 1.4"
"2","COMPASS"
"3","COMPASS"
"3A","COMPASS"
"4","COMPASS"
"4A","COMPASS"
"2","Instruments"
"3","MD 1.4 Instruments"
"3A","MD 1.4 Instruments"
"4","MD 1.4 Instruments"
"4A","MD 1.4 Instruments"
"5","PASS M0X (M00, M0, M0S 245 KV)"
"3","GIS BLF\PASS (72-420kV)"
"2","GIS BLF\PASS (72-420 kV)"
"4","GIS BLF\PASS (72-420 kV)"
"5","COMPASS"
"5","GIS BLF\PASS (72-420 kV)"
"5","MD 1.4 Instruments"
"5","PASS M0S 420 kV"
"4A","GIS BLF\PASS"
